ID,Name,PhotoUrl
48741917,Tomothy Riley,https://randomuser.me/api/portraits/men/35.jpg
625305101,Sharlene Curtis,https://randomuser.me/api/portraits/women/54.jpg
284469542,Beverley Richardson,https://randomuser.me/api/portraits/women/88.jpg
311170849,Jacqueline Hamilton,https://randomuser.me/api/portraits/women/6.jpg
530726846,Wallace Hart,https://randomuser.me/api/portraits/men/64.jpg
152904546,Jorge Walters,https://randomuser.me/api/portraits/men/91.jpg
519335073,Melvin Ward,https://randomuser.me/api/portraits/men/45.jpg
329803939,Brandie Snyder,https://randomuser.me/api/portraits/women/31.jpg
415750655,Lori Payne,https://randomuser.me/api/portraits/women/75.jpg
689493637,Marcus Moreno,https://randomuser.me/api/portraits/men/96.jpg
